[
{ 
	"id": "coord1", 
	"name": "coord1",
	"coord": {"x": -20, "y": 30,"z":30},
	"color": {"r": 0.0, "g": 1.0, "b": 0.0},
	"size": 10,
	"display":false 
},
{ 
	"id": "coord2", 
	"name": "coord2",
	"coord": {"x": 20, "y": 30,"z":30},
	"color": {"r": 0.0, "g": 0.0, "b": 1.0},
	"size": 10,
	"display": false	 
},
{ 
	"id": "coord3", 
	"name": "coord3",
	"coord": {"x": 54, "y": -36,"z":10},
	"color": {"r": 1.0, "g": 0.0, "b": 0.0},
	"size": 10,
	"display": false
},
{ 
	"id": "coord4", 
	"name": "coord4",
	"coord": {"x": -35, "y": -40,"z":10},
	"color": {"r": 1.0, "g": 1.0, "b": 0.0},
	"size": 10,
	"display": false
},
{ 
	"id": "coord5", 
	"name": "coord5",
	"coord": {"x": -20, "y": 20,"z":-20},
	"color": {"r": 0.0, "g": 1.0, "b": 1.0},
	"size": 10,
	"display": false 
},
{ 
	"id": "coord6", 
	"name": "coord6",
	"coord": {"x": 20, "y": 20,"z":-20},
	"color": {"r": 1.0, "g": 0.0, "b": 1.0},
	"size": 10,
	"display": false
},
{ 
	"id": "coord7", 
	"name": "coord7",
	"coord": {"x": 30, "y": -30,"z":-20},
	"color": {"r": 1.0, "g": 1.0, "b": 0.0},
	"size": 10,
	"display": false
},
{ 
	"id": "coord8", 
	"name": "coord8",
	"coord": {"x": -30, "y": -30,"z":-20},
	"color": {"r": 1.0, "g": 1.0, "b": 0.5},
	"size": 10,
	"display": false
}
]
